category	count	mapped label
Fox	1	Animals
Horses	2	Animals
Dogs	3	Animals
Animals	17	Animals
Outsourcing	1	Business/Nonprofits
BP disaster	2	Business/Nonprofits
Philanthropy	2	Business/Nonprofits
Clients	5	Business/Nonprofits
Consulting	5	Business/Nonprofits
Volunteers	7	Business/Nonprofits
NACD	8	Business/Nonprofits
Leadership	40	Business/Nonprofits
Business	142	Business/Nonprofits
Collaboration	298	Collaboration
Movies	1	Culture/Religion/Inspiration
Fashion	2	Culture/Religion/Inspiration
Design	3	Culture/Religion/Inspiration
Radio	3	Culture/Religion/Inspiration
Miracles	5	Culture/Religion/Inspiration
Film	7	Culture/Religion/Inspiration
Language	7	Culture/Religion/Inspiration
Religion	7	Culture/Religion/Inspiration
Theatre	7	Culture/Religion/Inspiration
Coincidences	9	Culture/Religion/Inspiration
Buddhism	11	Culture/Religion/Inspiration
Generosity	11	Culture/Religion/Inspiration
Humor	11	Culture/Religion/Inspiration
philosophy	11	Culture/Religion/Inspiration
Photography	13	Culture/Religion/Inspiration
Music	18	Culture/Religion/Inspiration
Courage	22	Culture/Religion/Inspiration
Inspiration	49	Culture/Religion/Inspiration
Art	75	Culture/Religion/Inspiration
Newtown	1	Death & Dying
Suicide	2	Death & Dying
A Dangerous Experiment	4	Death & Dying
engage with grace	8	Death & Dying
Goodman Family	18	Death & Dying
Obits	34	Death & Dying
Death and dying	42	Death & Dying
Antioch	20	Education
Education	59	Education
Patriots' Day	2	Food/Recipes/Holidays
Taste	7	Food/Recipes/Holidays
Farmers' Market	12	Food/Recipes/Holidays
Recipes	23	Food/Recipes/Holidays
Holidays	26	Food/Recipes/Holidays
Gardening	27	Food/Recipes/Holidays
Food and Drink	91	Food/Recipes/Holidays
Annie	1	Friends & Family
Benjamin	4	Friends & Family
NetAge	8	Friends & Family
Lake and Finn	20	Friends & Family
Jeff Stamps	54	Friends & Family
Me	57	Friends & Family
Family	136	Friends & Family
Friends	170	Friends & Family
Margaret Fuller Bicentennial	38	Fuller Family
Fuller Family	44	Fuller Family
Privacy	3	Government/Politics/Econ
Governance	5	Government/Politics/Econ
Corporate governance	6	Government/Politics/Econ
Regulation	6	Government/Politics/Econ
War	10	Government/Politics/Econ
Office of Financial Stability	14	Government/Politics/Econ
Reorganization	14	Government/Politics/Econ
1968	18	Government/Politics/Econ
Transition	25	Government/Politics/Econ
Politics	41	Government/Politics/Econ
Transparency	43	Government/Politics/Econ
Government	52	Government/Politics/Econ
Occupy movement	1	Government/Politics/Econ
Current Affairs	29	Government/Politics/Econ
Economy	41	Government/Politics/Econ
Obama	42	Government/Politics/Econ
Super Bowl 2013	1	Hobbies/Exercise/Sports
Games	3	Hobbies/Exercise/Sports
Recreation	3	Hobbies/Exercise/Sports
Knitting	5	Hobbies/Exercise/Sports
Sports	11	Hobbies/Exercise/Sports
Yoga	12	Hobbies/Exercise/Sports
Innovation	19	Leadership
Social media	2	Networks & Networking
Social networking	38	Networks & Networking
Networks and Networking	138	Networks & Networking
OrgScope	49	OrgScope
Interviews	1	Publishing/Writing
Jargon	1	Publishing/Writing
Sylvia Nasar	1	Publishing/Writing
Romance	2	Publishing/Writing
TED	2	Publishing/Writing
Zoetrope	4	Publishing/Writing
Storytelling	5	Publishing/Writing
Journalism	9	Publishing/Writing
Poetry	9	Publishing/Writing
Ron Currie Jr	15	Publishing/Writing
Fiction Book Club	19	Publishing/Writing
Solstice Creative Writing Program	22	Publishing/Writing
Newspapers	24	Publishing/Writing
Publishing	26	Publishing/Writing
Roland Merullo	36	Publishing/Writing
Books	166	Publishing/Writing
Writing	245	Publishing/Writing
Fire	1	Science/Medicine/Climate
Hurricane Sandy	1	Science/Medicine/Climate
Superstorm Sandy	1	Science/Medicine/Climate
Climate change	2	Science/Medicine/Climate
Jobs	2	Science/Medicine/Climate
STEM	2	Science/Medicine/Climate
Planet Earth	7	Science/Medicine/Climate
Nature	18	Science/Medicine/Climate
MS	19	Science/Medicine/Climate
Energy	20	Science/Medicine/Climate
Pancreatic cancer	22	Science/Medicine/Climate
Weather	23	Science/Medicine/Climate
Complexity	28	Science/Medicine/Climate
Research	29	Science/Medicine/Climate
Hospitals	32	Science/Medicine/Climate
Science	35	Science/Medicine/Climate
Environment	36	Science/Medicine/Climate
Health	102	Science/Medicine/Climate
Mumbai	1	Travel
NOLA	1	Travel
Nepal	1	Travel
Brooklyn	2	Travel
Haiti	2	Travel
Pottstown, PA	2	Travel
Japan	3	Travel
Australia	4	Travel
Egypt	4	Travel
Bear Island	5	Travel
Vermont	8	Travel
Newton, Mass, USA	32	Travel
New York	34	Travel
Boston	39	Travel
Travel	53	Travel
9/11	2	Violence
violence	5	Violence
Teams	1	Virtual/Remote Work
Freedom House	4	Virtual/Remote Work
Marissa Mayer	4	Virtual/Remote Work
Virtual reality	4	Virtual/Remote Work
Green Teams	24	Virtual/Remote Work
Telecommuting	64	Virtual/Remote Work
90% people, 10% technology	106	Virtual/Remote Work
Virtual Teams	204	Virtual/Remote Work
Ada Lovelace Day	1	Web/Tech
Robots	1	Web/Tech
Wolfram Alpha	1	Web/Tech
Telepresence	2	Web/Tech
Social bookmarking	3	Web/Tech
Texting	3	Web/Tech
Crowdsourcing	4	Web/Tech
Television	6	Web/Tech
Enterprise 2.0 2007	7	Web/Tech
Verizon	7	Web/Tech
Enterprise 2.0 2008	9	Web/Tech
Enterprise 2.0 2009	9	Web/Tech
Apple	11	Web/Tech
Facebook	13	Web/Tech
Communities of practice	14	Web/Tech
Cell phones	16	Web/Tech
Twitter	20	Web/Tech
Knowledge management	23	Web/Tech
Email	25	Web/Tech
Web 2.0	65	Web/Tech
Web/Tech	79	Web/Tech
Technology	86	Web/Tech
Internet/web	88	Web/Tech
Blogs	110	Web/Tech
Women	50	Women
