category,count
Collaboration,298
Writing,245
Virtual Teams,204
Friends,170
Books,166
Business,142
Networks and Networking,138
Family,136
Blogs,110
"90% people, 10% technology",106
Health,102
Food and Drink,91
Internet/web,88
Technology,86
Web/Tech,79
Art,75
Web 2.0,65
Telecommuting,64
Education,59
Me,57
Uncategorized,55
Jeff Stamps,54
Travel,53
Government,52
Women,50
Inspiration,49
OrgScope,49
Fuller Family,44
Transparency,43
Death and dying,42
Obama,42
Economy,41
Politics,41
Leadership,40
Boston,39
Margaret Fuller Bicentennial,38
Social networking,38
Environment,36
Roland Merullo,36
Science,35
New York,34
Obits,34
Hospitals,32
"Newton, Mass, USA",32
Current Affairs,29
Research,29
Complexity,28
Gardening,27
Holidays,26
Publishing,26
Email,25
Transition,25
Green Teams,24
Newspapers,24
Knowledge management,23
Recipes,23
Weather,23
Courage,22
Pancreatic cancer,22
Solstice Creative Writing Program,22
Antioch,20
Energy,20
Lake and Finn,20
Twitter,20
Fiction Book Club,19
Innovation,19
MS,19
1968,18
Goodman Family,18
Music,18
Nature,18
Animals,17
Cell phones,16
Ron Currie Jr,15
Communities of practice,14
Office of Financial Stability,14
Reorganization,14
Facebook,13
Photography,13
Farmers' Market,12
Yoga,12
Apple,11
Buddhism,11
Generosity,11
Humor,11
Sports,11
philosophy,11
War,10
Coincidences,9
Enterprise 2.0 2008,9
Enterprise 2.0 2009,9
Journalism,9
Poetry,9
NACD,8
NetAge,8
Vermont,8
engage with grace,8
Enterprise 2.0 2007,7
Film,7
Language,7
Planet Earth,7
Religion,7
Taste,7
Theatre,7
Verizon,7
Volunteers,7
Corporate governance,6
Regulation,6
Television,6
Bear Island,5
Clients,5
Consulting,5
Governance,5
Knitting,5
Miracles,5
Storytelling,5
violence,5
A Dangerous Experiment,4
Australia,4
Benjamin,4
Crowdsourcing,4
Egypt,4
Freedom House,4
Marissa Mayer,4
Virtual reality,4
Zoetrope,4
Design,3
Dogs,3
Games,3
Japan,3
Privacy,3
Radio,3
Recreation,3
Social bookmarking,3
Texting,3
9/11,2
BP disaster,2
Brooklyn,2
Climate change,2
Fashion,2
Haiti,2
Horses,2
Jobs,2
Patriots' Day,2
Philanthropy,2
"Pottstown, PA",2
Romance,2
STEM,2
Social media,2
Suicide,2
TED,2
Telepresence,2
Ada Lovelace Day,1
Annie,1
Fire,1
Fox,1
Hurricane Sandy,1
Interviews,1
Jargon,1
Movies,1
Mumbai,1
NOLA,1
Nepal,1
Newtown,1
Occupy movement,1
Outsourcing,1
Robots,1
Super Bowl 2013,1
Superstorm Sandy,1
Sylvia Nasar,1
Teams,1
Wolfram Alpha,1
